target_0,target_1,target_2,X+target_0|target_1,X+target_0|target_2,X+target_1|target_0,X+target_1|target_2,X+target_2|target_0,X+target_2|target_1
0.9037381930435744,0.8663290646427602,0.8876346288866223,0.9667515832483742,0.9671441381525514,0.9972538088273136,0.9667525007228724,0.9970521966072909,0.9985498562508842
0.876092993440915,0.8465739794728566,0.8775623737905258,0.9675000376756098,0.9515859433988835,0.9934992004453796,0.9610076288306016,0.9931191012084715,0.9927373260599135
